Bus;Dir;ID;Count;Time;Len;D0;D1;D2;D3;D4;D5;D6;D7;Period
CAN 1;In;0x101;1;336.2011;8;F1;0C;D4;04;5C;FE;8C;41;0.0000
CAN 1;In;0x201;1;336.2127;8;F1;0C;A5;00;0F;FF;F7;FF;0.0000
CAN 1;In;0x101;2;336.3152;8;01;0D;E8;04;C8;FD;EC;40;0.1140
CAN 1;In;0x201;2;336.3159;8;01;0D;8B;00;0C;FF;FD;FF;0.1032
CAN 1;In;0x101;3;336.4281;8;00;0D;20;05;F8;FD;44;41;0.1129
CAN 1;In;0x201;3;336.4292;8;00;0D;AD;00;12;FF;01;00;0.1134
CAN 1;In;0x101;4;336.5412;8;F0;0C;BC;04;18;FE;C4;40;0.1131
CAN 1;In;0x201;4;336.5421;8;F0;0C;9A;00;FA;FE;D8;FF;0.1128
CAN 1;In;0x101;5;336.6543;8;00;0D;04;05;14;FE;0C;41;0.1131
CAN 1;In;0x201;5;336.6551;8;00;0D;94;00;08;FF;E6;FF;0.1130
CAN 1;In;0x101;6;336.7672;8;F1;0C;30;05;18;FE;F4;40;0.1130
CAN 1;In;0x201;6;336.7676;8;F1;0C;A0;00;11;FF;09;00;0.1126
CAN 1;In;0x101;7;336.8800;8;F1;0C;30;05;BC;FD;20;41;0.1128
CAN 1;In;0x201;7;336.8807;8;F1;0C;93;00;25;FF;F0;FF;0.1131
CAN 1;In;0x101;8;336.9932;8;01;0D;38;05;10;FE;2C;41;0.1132
CAN 1;In;0x201;8;336.9937;8;01;0D;9D;00;20;FF;F1;FF;0.1129
CAN 1;In;0x101;9;337.1060;8;F0;0C;F8;04;48;FE;F4;40;0.1128
CAN 1;In;0x201;9;337.1066;8;F0;0C;AE;00;15;FF;F1;FF;0.1130
CAN 1;In;0x101;10;337.2190;8;01;0D;34;05;1C;FE;14;41;0.1129
CAN 1;In;0x201;10;337.2197;8;01;0D;A2;00;0A;FF;FB;FF;0.1131
CAN 1;In;0x101;11;337.3525;8;F0;0C;6C;05;0C;FE;24;41;0.1335
CAN 1;In;0x201;11;337.3634;8;F0;0C;AB;00;16;FF;E8;FF;0.1437
CAN 1;In;0x101;12;337.4757;8;00;0D;D4;04;A0;FD;04;41;0.1232
CAN 1;In;0x201;12;337.4764;8;00;0D;AC;00;11;FF;F5;FF;0.1130
CAN 1;In;0x101;13;337.5895;8;00;0D;D8;04;EC;FD;A0;41;0.1138
CAN 1;In;0x201;13;337.5909;8;00;0D;8C;00;17;FF;ED;FF;0.1144
CAN 1;In;0x101;14;337.7037;8;00;0D;F0;04;10;FE;A0;40;0.1142
CAN 1;In;0x201;14;337.7154;8;00;0D;A4;00;13;FF;FA;FF;0.1246
CAN 1;In;0x201;15;337.8140;8;F0;0C;A2;00;14;FF;E6;FF;0.0985
CAN 1;In;0x101;15;337.8141;8;F0;0C;24;05;F4;FD;38;41;0.1105
CAN 1;In;0x101;16;337.9151;8;01;0D;C4;04;D4;FD;B8;40;0.1010
CAN 1;In;0x201;16;337.9163;8;01;0D;B8;00;06;FF;F1;FF;0.1023
CAN 1;In;0x101;17;338.0286;8;F1;0C;64;05;C0;FD;A4;40;0.1134
CAN 1;In;0x201;17;338.0298;8;F1;0C;A9;00;1A;FF;F3;FF;0.1135
CAN 1;In;0x101;18;338.1423;8;F1;0C;2C;05;F8;FD;C8;40;0.1137
CAN 1;In;0x201;18;338.1430;8;F1;0C;A5;00;24;FF;F9;FF;0.1132
CAN 1;In;0x101;19;338.2552;8;F0;0C;E4;04;A4;FE;00;41;0.1129
CAN 1;In;0x201;19;338.2559;8;F0;0C;A8;00;23;FF;EE;FF;0.1129
CAN 1;In;0x101;20;338.3682;8;F0;0C;B8;04;24;FE;40;41;0.1131
CAN 1;In;0x201;20;338.3692;8;F0;0C;A2;00;21;FF;F3;FF;0.1133
CAN 1;In;0x101;21;338.4813;8;F0;0C;24;05;E8;FD;EC;40;0.1131
CAN 1;In;0x201;21;338.4821;8;F0;0C;B3;00;10;FF;E1;FF;0.1129
CAN 1;In;0x101;22;338.5944;8;00;0D;10;05;14;FE;44;41;0.1130
CAN 1;In;0x201;22;338.5951;8;00;0D;A8;00;27;FF;EC;FF;0.1130
CAN 1;In;0x101;23;338.7074;8;F1;0C;30;05;F0;FD;C4;40;0.1130
CAN 1;In;0x201;23;338.7082;8;F1;0C;9F;00;1E;FF;F8;FF;0.1131
CAN 1;In;0x101;24;338.8201;8;F0;0C;4C;05;04;FE;1C;41;0.1127
CAN 1;In;0x201;24;338.8208;8;F0;0C;91;00;20;FF;F4;FF;0.1126
CAN 1;In;0x101;25;338.9332;8;F1;0C;5C;05;50;FE;C4;40;0.1131
CAN 1;In;0x201;25;338.9592;8;F1;0C;94;00;18;FF;F5;FF;0.1384
CAN 1;In;0x201;26;339.0425;8;00;0D;B9;00;18;FF;F8;FF;0.0833
CAN 1;In;0x101;26;339.0542;8;00;0D;3C;05;20;FE;B4;40;0.1211
CAN 1;In;0x201;27;339.1597;8;F0;0C;AA;00;0F;FF;DB;FF;0.1172
CAN 1;In;0x101;27;339.1599;8;F0;0C;1C;05;BC;FD;AC;40;0.1057
CAN 1;In;0x101;28;339.2571;8;F0;0C;C4;04;38;FE;54;40;0.0972
CAN 1;In;0x201;28;339.2582;8;F0;0C;9B;00;0F;FF;FE;FF;0.0985
CAN 1;In;0x201;29;339.3736;8;F1;0C;A8;00;29;FF;01;00;0.1154
CAN 1;In;0x101;29;339.3894;8;F1;0C;44;05;F0;FD;50;41;0.1323
CAN 1;In;0x101;30;339.4759;8;F1;0C;E8;04;D8;FD;64;41;0.0865
CAN 1;In;0x201;30;339.4767;8;F1;0C;A1;00;04;FF;E9;FF;0.1030
CAN 1;In;0x101;31;339.5890;8;F0;0C;F8;04;D8;FD;1C;41;0.1130
CAN 1;In;0x201;31;339.5898;8;F0;0C;B8;00;14;FF;F9;FF;0.1132
CAN 1;In;0x101;32;339.7018;8;01;0D;EC;04;CC;FD;0C;41;0.1129
CAN 1;In;0x201;32;339.7027;8;01;0D;A1;00;26;FF;F6;FF;0.1128
CAN 1;In;0x101;33;339.8148;8;F0;0C;B8;04;40;FE;14;41;0.1130
CAN 1;In;0x201;33;339.8156;8;F0;0C;A3;00;1B;FF;E3;FF;0.1130
CAN 1;In;0x101;34;339.9278;8;F1;0C;AC;04;10;FE;F4;40;0.1130
CAN 1;In;0x201;34;339.9286;8;F1;0C;9E;00;10;FF;EF;FF;0.1130
CAN 1;In;0x101;35;340.0408;8;F1;0C;00;05;C4;FD;1C;41;0.1130
CAN 1;In;0x201;35;340.0413;8;F1;0C;93;00;13;FF;FB;FF;0.1127
CAN 1;In;0x101;36;340.1538;8;F1;0C;2C;05;E4;FD;E8;40;0.1130
CAN 1;In;0x201;36;340.1546;8;F1;0C;07;01;17;FF;EA;FF;0.1132
CAN 1;In;0x101;37;340.2667;8;F1;0C;EC;04;0C;FE;10;40;0.1129
CAN 1;In;0x201;37;340.2674;8;F1;0C;05;01;1B;FF;F5;FF;0.1129
CAN 1;In;0x101;38;340.3797;8;01;0D;EC;04;F8;FD;54;41;0.1131
CAN 1;In;0x201;38;340.3804;8;01;0D;B5;01;2A;FF;F2;FF;0.1130
CAN 1;In;0x101;39;340.4929;8;F1;0C;1C;05;80;FE;F4;40;0.1132
CAN 1;In;0x201;39;340.4932;8;F1;0C;2D;03;1C;FF;F4;FF;0.1128
CAN 1;In;0x101;40;340.6057;8;F1;0C;B4;04;E8;FE;10;41;0.1128
CAN 1;In;0x201;40;340.6064;8;F1;0C;D6;03;2D;FF;FD;FF;0.1131
CAN 1;In;0x101;41;340.7186;8;F1;0C;24;05;B8;00;88;41;0.1129
CAN 1;In;0x201;41;340.7193;8;F1;0C;6B;08;26;FF;DE;FF;0.1129
CAN 1;In;0x101;42;340.8316;8;F0;0C;EC;04;E0;02;50;41;0.1130
CAN 1;In;0x201;42;340.8323;8;F0;0C;5D;03;2B;FF;DD;FF;0.1130
CAN 1;In;0x101;43;340.9447;8;F1;0C;F4;04;AC;01;44;40;0.1131
CAN 1;In;0x201;43;340.9455;8;F1;0C;45;FB;15;FF;04;00;0.1132
CAN 1;In;0x101;44;341.0575;8;00;0D;34;05;E8;00;6C;40;0.1128
CAN 1;In;0x201;44;341.0582;8;00;0D;A2;00;0B;FF;F8;FF;0.1127
CAN 1;In;0x101;45;341.1706;8;C0;0C;44;05;94;00;E4;40;0.1131
CAN 1;In;0x201;45;341.1714;8;C0;0C;29;FF;1B;FF;F7;FF;0.1131
CAN 1;In;0x101;46;341.2894;8;40;0C;3C;05;74;00;B8;40;0.1188
CAN 1;In;0x201;46;341.3055;8;40;0C;AC;FD;1B;FF;DE;FF;0.1341
CAN 1;In;0x201;47;341.4026;8;21;0C;C7;FF;06;FF;02;00;0.0971
CAN 1;In;0x101;47;341.4182;8;21;0C;3C;05;84;FF;58;41;0.1288
CAN 1;In;0x101;48;341.5015;8;C0;0B;1C;05;40;FF;74;40;0.0832
CAN 1;In;0x201;48;341.5020;8;C0;0B;5E;01;07;FF;FB;FF;0.0994
CAN 1;In;0x101;49;341.6144;8;90;0B;28;05;F8;FF;38;41;0.1129
CAN 1;In;0x201;49;341.6153;8;90;0B;9D;00;1E;FF;F3;FF;0.1133
CAN 1;In;0x101;50;341.7275;8;61;0B;68;05;D0;FF;44;41;0.1131
CAN 1;In;0x201;50;341.7282;8;61;0B;C6;FF;16;FF;EA;FF;0.1129
CAN 1;In;0x101;51;341.8406;8;21;0B;48;05;74;FF;98;41;0.1131
CAN 1;In;0x201;51;341.8413;8;21;0B;B7;01;14;FF;E9;FF;0.1130
CAN 1;In;0x101;52;341.9534;8;F0;0A;44;05;E4;FF;F0;40;0.1128
CAN 1;In;0x201;52;341.9541;8;F0;0A;7A;FF;3B;FF;F3;FF;0.1128
CAN 1;In;0x101;53;342.0663;8;D1;0A;48;05;F8;FF;90;40;0.1130
CAN 1;In;0x201;53;342.0671;8;D1;0A;59;01;0E;FF;F9;FF;0.1131
CAN 1;In;0x101;54;342.1796;8;70;0A;08;05;08;00;98;40;0.1132
CAN 1;In;0x201;54;342.1804;8;70;0A;D8;00;12;FF;FB;FF;0.1132
CAN 1;In;0x101;55;342.2923;8;41;0A;40;05;40;00;C8;40;0.1127
CAN 1;In;0x201;55;342.2929;8;41;0A;6F;00;22;FF;EF;FF;0.1125
CAN 1;In;0x101;56;342.4052;8;11;0A;18;05;98;FF;AC;40;0.1129
CAN 1;In;0x201;56;342.4059;8;11;0A;74;00;1B;FF;EC;FF;0.1131
CAN 1;In;0x101;57;342.5182;8;E1;09;C0;04;34;00;90;40;0.1130
CAN 1;In;0x201;57;342.5189;8;E1;09;8A;00;1B;FF;E9;FF;0.1130
CAN 1;In;0x101;58;342.6313;8;D0;09;74;05;E4;FF;24;41;0.1131
CAN 1;In;0x201;58;342.6320;8;D0;09;53;00;07;FF;E6;FF;0.1130
CAN 1;In;0x101;59;342.7443;8;80;09;24;05;6C;FF;AC;40;0.1130
CAN 1;In;0x201;59;342.7450;8;80;09;44;00;28;FF;D9;FF;0.1130
CAN 1;In;0x101;60;342.8571;8;51;09;4C;05;3C;FF;E8;40;0.1128
CAN 1;In;0x201;60;342.8578;8;51;09;EA;00;0F;FF;F4;FF;0.1128
CAN 1;In;0x101;61;342.9701;8;F1;08;F8;04;C0;FF;F0;40;0.1130
CAN 1;In;0x201;61;342.9709;8;F1;08;41;00;0D;FF;EF;FF;0.1131
CAN 1;In;0x101;62;343.0830;8;A1;08;DC;04;18;FF;40;41;0.1129
CAN 1;In;0x201;62;343.0841;8;A1;08;B9;00;17;FF;F7;FF;0.1133
CAN 1;In;0x201;63;343.2215;8;61;08;D5;00;05;FF;EC;FF;0.1374
CAN 1;In;0x101;63;343.2217;8;61;08;08;05;C0;FF;90;40;0.1387
CAN 1;In;0x201;64;343.3116;8;51;08;C8;00;04;FF;F7;FF;0.0900
CAN 1;In;0x101;64;343.3272;8;51;08;10;05;54;FF;2C;41;0.1055
CAN 1;In;0x101;65;343.4141;8;31;08;2C;05;E0;FF;9C;40;0.0869
CAN 1;In;0x201;65;343.4148;8;31;08;FE;00;1F;FF;EC;FF;0.1033
CAN 1;In;0x101;66;343.5270;8;01;08;04;05;90;FF;40;41;0.1128
CAN 1;In;0x201;66;343.5277;8;01;08;8C;00;11;FF;E4;FF;0.1129
CAN 1;In;0x101;67;343.6400;8;F0;07;04;05;70;FF;B0;40;0.1130
CAN 1;In;0x201;67;343.6407;8;F0;07;79;00;0F;FF;EA;FF;0.1130
CAN 1;In;0x101;68;343.7530;8;E1;07;60;05;84;FF;88;40;0.1130
CAN 1;In;0x201;68;343.7537;8;E1;07;AA;00;1A;FF;F3;FF;0.1130
CAN 1;In;0x101;69;343.8660;8;E0;07;D4;05;64;FF;58;41;0.1130
CAN 1;In;0x201;69;343.8665;8;E0;07;93;00;1D;FF;08;00;0.1128
CAN 1;In;0x101;70;343.9789;8;F1;07;E4;04;88;FF;F4;40;0.1129
CAN 1;In;0x201;70;343.9797;8;F1;07;07;00;1C;FF;FB;FF;0.1132
CAN 1;In;0x101;71;344.0919;8;01;08;00;05;AC;FF;14;41;0.1130
CAN 1;In;0x201;71;344.0924;8;01;08;0B;01;28;FF;EF;FF;0.1127
CAN 1;In;0x101;72;344.2048;8;E1;07;E4;04;AC;FF;B4;40;0.1129
CAN 1;In;0x201;72;344.2056;8;E1;07;25;00;15;FF;EA;FF;0.1132
CAN 1;In;0x101;73;344.3178;8;D0;07;3C;05;18;FF;AC;40;0.1130
CAN 1;In;0x201;73;344.3186;8;D0;07;B7;01;1F;FF;F8;FF;0.1130
CAN 1;In;0x101;74;344.4308;8;E1;07;54;05;98;FF;70;40;0.1131
CAN 1;In;0x201;74;344.4314;8;E1;07;C8;FF;15;FF;E2;FF;0.1128
CAN 1;In;0x101;75;344.5438;8;D0;07;3C;05;A0;FF;D8;40;0.1130
CAN 1;In;0x201;75;344.5448;8;D0;07;B8;02;0D;FF;E1;FF;0.1134
CAN 1;In;0x101;76;344.6569;8;E1;07;C8;04;64;FF;20;41;0.1131
CAN 1;In;0x201;76;344.6577;8;E1;07;82;00;17;FF;F1;FF;0.1129
CAN 1;In;0x101;77;344.7699;8;40;08;88;05;80;FF;10;41;0.1130
CAN 1;In;0x201;77;344.7703;8;40;08;D5;FF;11;FF;E5;FF;0.1127
CAN 1;In;0x101;78;344.8829;8;31;09;40;05;7C;FF;14;41;0.1129
CAN 1;In;0x201;78;344.8834;8;31;09;3A;01;0C;FF;F3;FF;0.1131
CAN 1;In;0x101;79;344.9956;8;50;0A;28;05;54;FF;B8;40;0.1128
CAN 1;In;0x201;79;344.9964;8;50;0A;3E;00;02;FF;FF;FF;0.1130
CAN 1;In;0x101;80;345.1092;8;21;0B;60;05;A0;FF;E0;40;0.1135
CAN 1;In;0x201;80;345.1099;8;21;0B;E0;00;13;FF;F9;FF;0.1135
CAN 1;In;0x101;81;345.2216;8;11;0C;10;05;F4;FE;C8;40;0.1124
CAN 1;In;0x201;81;345.2223;8;11;0C;63;00;11;FF;F3;FF;0.1124
CAN 1;In;0x101;82;345.3397;8;F0;0C;58;05;BC;FF;5C;40;0.1181
CAN 1;In;0x201;82;345.3487;8;F0;0C;75;01;1E;FF;ED;FF;0.1264
CAN 1;In;0x201;83;345.4539;8;F1;0C;27;00;09;FF;01;00;0.1052
CAN 1;In;0x101;83;345.4541;8;F1;0C;F0;04;94;FF;38;41;0.1143
CAN 1;In;0x101;84;345.5515;8;F0;0C;E0;04;60;FF;58;41;0.0974
CAN 1;In;0x201;84;345.5526;8;F0;0C;EA;01;1E;FF;F2;FF;0.0987
CAN 1;In;0x101;85;345.6644;8;F1;0C;CC;04;C4;FF;CC;40;0.1130
CAN 1;In;0x201;85;345.6653;8;F1;0C;33;FE;0B;FF;E0;FF;0.1127
CAN 1;In;0x101;86;345.7775;8;F0;0C;D0;04;DC;FE;7C;40;0.1131
CAN 1;In;0x201;86;345.7783;8;F0;0C;AA;00;10;FF;F8;FF;0.1130
CAN 1;In;0x101;87;345.8905;8;F1;0C;E8;04;E0;FE;18;41;0.1130
CAN 1;In;0x201;87;345.8913;8;F1;0C;84;01;14;FF;E1;FF;0.1131
CAN 1;In;0x101;88;346.0036;8;00;0D;08;05;3C;FF;1C;41;0.1131
CAN 1;In;0x201;88;346.0043;8;00;0D;65;01;16;FF;EA;FF;0.1130
CAN 1;In;0x101;89;346.1165;8;F0;0C;24;05;28;00;DC;40;0.1129
CAN 1;In;0x201;89;346.1173;8;F0;0C;0D;01;29;FF;F9;FF;0.1130
CAN 1;In;0x101;90;346.2297;8;F1;0C;30;05;5C;FF;C0;40;0.1132
CAN 1;In;0x201;90;346.2302;8;F1;0C;B9;00;21;FF;FF;FF;0.1129
CAN 1;In;0x101;91;346.3427;8;C1;0C;24;05;6C;FF;54;41;0.1130
CAN 1;In;0x201;91;346.3435;8;C1;0C;E1;00;FE;FE;E8;FF;0.1133
CAN 1;In;0x101;92;346.4554;8;80;0C;54;05;94;FF;C0;40;0.1127
CAN 1;In;0x201;92;346.4561;8;80;0C;31;00;32;FF;01;00;0.1126
CAN 1;In;0x101;93;346.5687;8;11;0C;E0;04;A8;FF;D8;40;0.1133
CAN 1;In;0x201;93;346.5692;8;11;0C;DC;00;1B;FF;F7;FF;0.1131
CAN 1;In;0x101;94;346.6813;8;80;0B;F0;04;70;FF;9C;40;0.1126
CAN 1;In;0x201;94;346.6822;8;80;0B;53;00;14;FF;ED;FF;0.1130
CAN 1;In;0x101;95;346.7946;8;E1;0A;24;05;60;FF;F0;40;0.1133
CAN 1;In;0x201;95;346.7951;8;E1;0A;0B;00;21;FF;ED;FF;0.1129
CAN 1;In;0x101;96;346.9073;8;81;0A;34;05;54;FF;C4;40;0.1127
CAN 1;In;0x201;96;346.9341;8;81;0A;DE;00;11;FF;ED;FF;0.1390
CAN 1;In;0x201;97;347.0199;8;21;0A;BE;00;14;FF;0C;00;0.0858
CAN 1;In;0x101;97;347.0360;8;21;0A;60;05;B4;FF;18;41;0.1287
CAN 1;In;0x101;98;347.1193;8;B1;09;48;05;D8;FE;E8;40;0.0832
CAN 1;In;0x201;98;347.1200;8;B1;09;21;00;13;FF;FA;FF;0.1001
CAN 1;In;0x101;99;347.2324;8;61;09;14;05;10;FF;68;40;0.1131
CAN 1;In;0x201;99;347.2332;8;61;09;85;00;23;FF;E7;FF;0.1131
CAN 1;In;0x101;100;347.3504;8;21;09;30;05;70;FF;F0;40;0.1180
CAN 1;In;0x201;100;347.3620;8;21;09;A2;00;26;FF;E8;FF;0.1288
CAN 1;In;0x101;101;347.4564;8;21;09;08;05;8C;FF;2C;41;0.1061
CAN 1;In;0x201;101;347.4716;8;21;09;DB;FF;14;FF;FA;FF;0.1097
CAN 1;In;0x201;102;347.5675;8;20;09;77;00;FE;FE;F1;FF;0.0959
CAN 1;In;0x101;102;347.5838;8;20;09;6C;05;24;FF;D0;40;0.1273
CAN 1;In;0x101;103;347.6682;8;20;09;2C;05;68;FF;08;41;0.0845
CAN 1;In;0x201;103;347.6789;8;20;09;15;01;20;FF;F2;FF;0.1114
CAN 1;In;0x201;104;347.7884;8;31;09;79;00;22;FF;EB;FF;0.1095
CAN 1;In;0x101;104;347.7885;8;31;09;08;05;E8;FE;18;41;0.1202
CAN 1;In;0x101;105;347.8801;8;31;09;E8;04;E4;FE;D8;40;0.0917
CAN 1;In;0x201;105;347.8915;8;31;09;A5;00;1B;FF;E5;FF;0.1030
CAN 1;In;0x101;106;347.9859;8;31;09;D4;04;24;FF;70;41;0.1058
CAN 1;In;0x201;106;348.0013;8;31;09;94;01;1A;FF;F3;FF;0.1099
CAN 1;In;0x201;107;348.0947;8;31;09;E5;FF;1B;FF;F9;FF;0.0934
CAN 1;In;0x101;107;348.1106;8;31;09;10;05;44;FF;BC;40;0.1247
CAN 1;In;0x101;108;348.1980;8;41;09;FC;04;84;FF;6C;40;0.0874
CAN 1;In;0x201;108;348.1992;8;41;09;64;00;19;FF;EC;FF;0.1045
CAN 1;In;0x101;109;348.3117;8;60;09;38;05;F0;FE;7C;40;0.1137
CAN 1;In;0x201;109;348.3129;8;60;09;DE;00;17;FF;FF;FF;0.1137
CAN 1;In;0x101;110;348.4257;8;60;09;30;05;54;FF;30;41;0.1140
CAN 1;In;0x201;110;348.4373;8;60;09;8E;00;0E;FF;E3;FF;0.1245
CAN 1;In;0x201;111;348.5390;8;A0;09;62;00;1C;FF;F2;FF;0.1017
CAN 1;In;0x101;111;348.5390;8;A0;09;D0;04;F8;FE;DC;40;0.1133
CAN 1;In;0x101;112;348.6369;8;90;0A;64;05;30;FF;3C;41;0.0979
CAN 1;In;0x201;112;348.6377;8;90;0A;9C;00;08;FF;EF;FF;0.0987
CAN 1;In;0x101;113;348.7500;8;20;0B;FC;04;0C;FF;B8;40;0.1131
CAN 1;In;0x201;113;348.7507;8;20;0B;F5;00;0C;FF;E1;FF;0.1131
CAN 1;In;0x101;114;348.8629;8;80;0B;C8;04;EC;FE;3C;40;0.1129
CAN 1;In;0x201;114;348.8635;8;80;0B;BC;00;09;FF;FA;FF;0.1128
CAN 1;In;0x101;115;348.9759;8;11;0C;68;05;34;FF;2C;41;0.1131
CAN 1;In;0x201;115;348.9764;8;11;0C;B7;00;19;FF;FB;FF;0.1128
CAN 1;In;0x101;116;349.0888;8;A0;0C;1C;05;FC;FE;F4;40;0.1128
CAN 1;In;0x201;116;349.0894;8;A0;0C;0E;01;0B;FF;E4;FF;0.1131
CAN 1;In;0x101;117;349.2019;8;F0;0C;F8;04;C0;FF;A0;40;0.1131
CAN 1;In;0x201;117;349.2023;8;F0;0C;E6;00;0F;FF;E3;FF;0.1129
CAN 1;In;0x101;118;349.3147;8;F1;0C;84;04;08;FF;70;41;0.1128
CAN 1;In;0x201;118;349.3154;8;F1;0C;BB;00;15;FF;EB;FF;0.1130
CAN 1;In;0x201;119;349.4580;8;F0;0C;2D;01;09;FF;E1;FF;0.1426
CAN 1;In;0x101;119;349.4582;8;F0;0C;7C;05;AC;FF;2C;41;0.1435
CAN 1;In;0x201;120;349.5497;8;F1;0C;54;00;1A;FF;E1;FF;0.0917
CAN 1;In;0x101;120;349.5653;8;F1;0C;44;05;9C;FF;BC;40;0.1071
CAN 1;In;0x201;121;349.6729;8;F0;0C;F5;00;0C;FF;F2;FF;0.1232
CAN 1;In;0x101;121;349.6731;8;F0;0C;4C;05;38;FF;F4;40;0.1078
CAN 1;In;0x101;122;349.7536;8;F1;0C;CC;04;38;FF;BC;40;0.0805
CAN 1;In;0x201;122;349.7543;8;F1;0C;1E;01;27;FF;ED;FF;0.0814
CAN 1;In;0x101;123;349.8669;8;F0;0C;74;05;A4;FF;C8;40;0.1133
CAN 1;In;0x201;123;349.8778;8;F0;0C;8A;FF;07;FF;FF;FF;0.1235
CAN 1;In;0x101;124;349.9717;8;00;0D;08;05;00;FF;28;40;0.1047
CAN 1;In;0x201;124;349.9875;8;00;0D;7A;FE;FA;FE;F5;FF;0.1097
CAN 1;In;0x201;125;350.0834;8;F0;0C;2C;00;28;FF;EB;FF;0.0959
CAN 1;In;0x101;125;350.0991;8;F0;0C;38;05;DC;FE;BC;40;0.1274
CAN 1;In;0x101;126;350.1837;8;01;0D;9C;04;CC;FE;B4;40;0.0847
CAN 1;In;0x201;126;350.1943;8;01;0D;B9;00;20;FF;E6;FF;0.1109
CAN 1;In;0x201;127;350.3035;8;F1;0C;92;00;1D;FF;F8;FF;0.1092
CAN 1;In;0x101;127;350.3037;8;F1;0C;7C;05;0C;FF;3C;41;0.1200
CAN 1;In;0x101;128;350.3955;8;F0;0C;00;06;7C;FE;BC;40;0.0918
CAN 1;In;0x201;128;350.4209;8;F0;0C;A2;00;01;FF;13;00;0.1173
CAN 1;In;0x101;129;350.5004;8;F0;0C;48;05;3C;FE;94;40;0.1049
CAN 1;In;0x201;129;350.5011;8;F0;0C;AB;00;21;FF;F8;FF;0.0803
CAN 1;In;0x101;130;350.6133;8;F0;0C;1C;05;A4;FE;98;40;0.1129
CAN 1;In;0x201;130;350.6141;8;F0;0C;AE;00;1B;FF;F8;FF;0.1130
CAN 1;In;0x101;131;350.7265;8;F1;0C;E8;04;D0;FE;74;40;0.1131
CAN 1;In;0x201;131;350.7271;8;F1;0C;97;00;11;FF;02;00;0.1130
CAN 1;In;0x101;132;350.8394;8;F1;0C;34;05;B4;FE;B4;40;0.1129
CAN 1;In;0x201;132;350.8402;8;F1;0C;9B;00;1D;FF;F1;FF;0.1130
CAN 1;In;0x101;133;350.9523;8;F1;0C;10;05;98;FE;94;40;0.1129
CAN 1;In;0x201;133;350.9531;8;F1;0C;9C;00;12;FF;EC;FF;0.1129
CAN 1;In;0x101;134;351.0653;8;00;0D;58;05;20;FE;38;41;0.1130
CAN 1;In;0x201;134;351.0660;8;00;0D;B7;00;04;FF;F1;FF;0.1129
CAN 1;In;0x101;135;351.1784;8;F1;0C;50;05;6C;FE;04;41;0.1131
CAN 1;In;0x201;135;351.1792;8;F1;0C;B5;00;17;FF;F2;FF;0.1132
CAN 1;In;0x101;136;351.2914;8;00;0D;24;05;E0;FE;5C;41;0.1130
CAN 1;In;0x201;136;351.2922;8;00;0D;95;00;16;FF;F9;FF;0.1130
CAN 1;In;0x101;137;351.4043;8;00;0D;40;05;D8;FE;AC;40;0.1128
CAN 1;In;0x201;137;351.4049;8;00;0D;95;00;17;FF;EF;FF;0.1127
CAN 1;In;0x101;138;351.5224;8;F1;0C;C4;04;08;FF;2C;41;0.1182
CAN 1;In;0x201;138;351.5469;8;F1;0C;A9;00;03;FF;EB;FF;0.1421
CAN 1;In;0x101;139;351.6273;8;F0;0C;48;05;CC;FE;1C;41;0.1049
CAN 1;In;0x201;139;351.6280;8;F0;0C;9E;00;1A;FF;F7;FF;0.0811
CAN 1;In;0x101;140;351.7405;8;F0;0C;F0;04;DC;FE;D8;40;0.1132
CAN 1;In;0x201;140;351.7412;8;F0;0C;A3;00;15;FF;FF;FF;0.1132
CAN 1;In;0x101;141;351.8531;8;F1;0C;3C;05;AC;FE;78;41;0.1127
CAN 1;In;0x201;141;351.8539;8;F1;0C;AF;00;20;FF;EA;FF;0.1127
CAN 1;In;0x101;142;351.9663;8;F1;0C;1C;05;8C;FE;D0;40;0.1131
CAN 1;In;0x201;142;351.9670;8;F1;0C;97;00;0D;FF;FB;FF;0.1131
CAN 1;In;0x101;143;352.0790;8;00;0D;04;05;90;FE;A4;40;0.1127
CAN 1;In;0x201;143;352.0798;8;00;0D;A3;00;0F;FF;F4;FF;0.1128
CAN 1;In;0x101;144;352.1923;8;F1;0C;14;05;F8;FE;B0;40;0.1132
CAN 1;In;0x201;144;352.1930;8;F1;0C;A2;00;03;FF;F3;FF;0.1131
CAN 1;In;0x101;145;352.3055;8;F0;0C;F8;04;3C;FE;00;41;0.1132
CAN 1;In;0x201;145;352.3059;8;F0;0C;AA;00;17;FF;01;00;0.1129
CAN 1;In;0x101;146;352.4181;8;F1;0C;40;05;BC;FE;A8;41;0.1126
CAN 1;In;0x201;146;352.4188;8;F1;0C;95;00;19;FF;FF;FF;0.1129
CAN 1;In;0x101;147;352.5311;8;F1;0C;18;05;B8;FE;14;41;0.1130
CAN 1;In;0x201;147;352.5318;8;F1;0C;AF;00;04;FF;00;00;0.1130
CAN 1;In;0x101;148;352.6440;8;F1;0C;C8;04;68;FE;A8;40;0.1129
CAN 1;In;0x201;148;352.6448;8;F1;0C;B7;00;18;FF;E7;FF;0.1130
CAN 1;In;0x101;149;352.7571;8;F0;0C;64;05;C0;FE;DC;40;0.1131
CAN 1;In;0x201;149;352.7579;8;F0;0C;A1;00;1A;FF;DD;FF;0.1132
CAN 1;In;0x101;150;352.8699;8;F0;0C;F4;04;E8;FE;F0;40;0.1128
CAN 1;In;0x201;150;352.8791;8;F0;0C;B2;00;2C;FF;EB;FF;0.1212
CAN 1;In;0x201;151;352.9837;8;F0;0C;BA;00;11;FF;F8;FF;0.1046
CAN 1;In;0x101;151;352.9839;8;F0;0C;70;05;88;FE;DC;40;0.1140
CAN 1;In;0x101;152;353.0818;8;F0;0C;D0;04;54;FE;E8;40;0.0980
CAN 1;In;0x201;152;353.0825;8;F0;0C;A9;00;00;FF;E7;FF;0.0988
CAN 1;In;0x101;153;353.1950;8;F1;0C;24;05;9C;FE;F4;40;0.1132
CAN 1;In;0x201;153;353.1958;8;F1;0C;96;00;0A;FF;F0;FF;0.1133
CAN 1;In;0x101;154;353.3080;8;F0;0C;04;05;40;FE;04;41;0.1130
CAN 1;In;0x201;154;353.3087;8;F0;0C;B2;00;14;FF;EE;FF;0.1129
CAN 1;In;0x101;155;353.4208;8;00;0D;68;05;4C;FE;E4;40;0.1129
CAN 1;In;0x201;155;353.4215;8;00;0D;A9;00;1A;FF;FA;FF;0.1129
CAN 1;In;0x101;156;353.5389;8;F0;0C;50;05;90;FE;7C;40;0.1181
CAN 1;In;0x201;156;353.5479;8;F0;0C;99;00;11;FF;EA;FF;0.1264
CAN 1;In;0x201;157;353.6535;8;F1;0C;99;00;16;FF;F1;FF;0.1055
CAN 1;In;0x101;157;353.6536;8;F1;0C;CC;04;DC;FE;44;41;0.1147
CAN 1;In;0x101;158;353.7510;8;F1;0C;FC;04;A0;FE;70;40;0.0974
CAN 1;In;0x201;158;353.7522;8;F1;0C;96;00;17;FF;EF;FF;0.0988
CAN 1;In;0x101;159;353.8649;8;F1;0C;18;05;78;FE;CC;40;0.1138
CAN 1;In;0x201;159;353.8656;8;F1;0C;A7;00;21;FF;F6;FF;0.1133
CAN 1;In;0x101;160;353.9777;8;F0;0C;F4;04;84;FE;10;41;0.1129
CAN 1;In;0x201;160;353.9784;8;F0;0C;AB;00;0D;FF;F4;FF;0.1129
CAN 1;In;0x101;161;354.0906;8;F1;0C;F8;04;64;FE;C4;40;0.1128
CAN 1;In;0x201;161;354.0913;8;F1;0C;A8;00;1C;FF;F6;FF;0.1129
CAN 1;In;0x101;162;354.2037;8;01;0D;0C;05;C0;FE;E0;40;0.1131
CAN 1;In;0x201;162;354.2043;8;01;0D;9E;00;1C;FF;F8;FF;0.1130
CAN 1;In;0x101;163;354.3166;8;F0;0C;20;05;9C;FE;9C;40;0.1129
CAN 1;In;0x201;163;354.3176;8;F0;0C;94;00;17;FF;F5;FF;0.1133
CAN 1;In;0x101;164;354.4296;8;F1;0C;0C;05;A4;FE;A8;40;0.1129
CAN 1;In;0x201;164;354.4303;8;F1;0C;96;00;1B;FF;EB;FF;0.1127
CAN 1;In;0x101;165;354.5425;8;F1;0C;4C;05;70;FE;C8;40;0.1129
CAN 1;In;0x201;165;354.5431;8;F1;0C;B2;00;1A;FF;DE;FF;0.1128
CAN 1;In;0x101;166;354.6555;8;F0;0C;98;05;F0;FE;CC;40;0.1130
CAN 1;In;0x201;166;354.6561;8;F0;0C;BC;00;15;FF;F2;FF;0.1130
CAN 1;In;0x101;167;354.7687;8;01;0D;58;05;AC;FE;14;41;0.1133
CAN 1;In;0x201;167;354.7692;8;01;0D;8D;00;0A;FF;EA;FF;0.1130
CAN 1;In;0x101;168;354.8816;8;F1;0C;F4;04;C0;FE;74;40;0.1129
CAN 1;In;0x201;168;354.8823;8;F1;0C;9B;00;0E;FF;F4;FF;0.1132
CAN 1;In;0x101;169;354.9947;8;F1;0C;2C;05;70;FE;74;40;0.1131
CAN 1;In;0x201;169;354.9955;8;F1;0C;B2;00;1A;FF;00;00;0.1131
CAN 1;In;0x101;170;355.1076;8;01;0D;10;05;C8;FE;B4;40;0.1129
CAN 1;In;0x201;170;355.1081;8;01;0D;A3;00;04;FF;FB;FF;0.1126
CAN 1;In;0x101;171;355.2205;8;F0;0C;68;05;AC;FE;C4;40;0.1130
CAN 1;In;0x201;171;355.2212;8;F0;0C;8D;00;16;FF;E9;FF;0.1131
CAN 1;In;0x101;172;355.3334;8;00;0D;D8;04;88;FE;94;40;0.1129
CAN 1;In;0x201;172;355.3341;8;00;0D;B0;00;1D;FF;E8;FF;0.1129
CAN 1;In;0x201;173;355.4579;8;01;0D;AA;00;07;FF;EC;FF;0.1238
CAN 1;In;0x101;173;355.4741;8;01;0D;78;05;AC;FE;90;40;0.1407
CAN 1;In;0x101;174;355.5584;8;F0;0C;24;05;3C;FE;1C;41;0.0844
CAN 1;In;0x201;174;355.5844;8;F0;0C;90;00;0C;FF;F2;FF;0.1265
CAN 1;In;0x201;175;355.6682;8;00;0D;9E;00;1E;FF;E5;FF;0.0837
CAN 1;In;0x101;175;355.6796;8;00;0D;4C;05;D8;FE;C0;40;0.1212
CAN 1;In;0x201;176;355.7856;8;00;0D;BF;00;15;FF;05;00;0.1174
CAN 1;In;0x101;176;355.7856;8;00;0D;AC;04;6C;FE;04;41;0.1060
CAN 1;In;0x101;177;355.8772;8;01;0D;28;05;38;FF;14;41;0.0916
CAN 1;In;0x201;177;355.8780;8;01;0D;9E;00;1A;FF;DC;FF;0.0924
CAN 1;In;0x101;178;355.9904;8;F1;0C;74;05;90;FE;B4;40;0.1132
CAN 1;In;0x201;178;355.9912;8;F1;0C;A2;00;16;FF;F6;FF;0.1131
CAN 1;In;0x101;179;356.1032;8;F0;0C;24;05;DC;FE;CC;40;0.1128
CAN 1;In;0x201;179;356.1042;8;F0;0C;A9;00;1E;FF;F3;FF;0.1131
CAN 1;In;0x101;180;356.2163;8;F0;0C;24;05;A0;FE;78;41;0.1130
CAN 1;In;0x201;180;356.2170;8;F0;0C;A4;00;17;FF;F7;FF;0.1128
CAN 1;In;0x101;181;356.3292;8;F1;0C;14;05;C4;FE;48;41;0.1129
CAN 1;In;0x201;181;356.3300;8;F1;0C;A3;00;28;FF;EF;FF;0.1130
CAN 1;In;0x101;182;356.4423;8;01;0D;28;05;60;FE;80;41;0.1130
CAN 1;In;0x201;182;356.4430;8;01;0D;AD;00;09;FF;F9;FF;0.1130
CAN 1;In;0x101;183;356.5552;8;F0;0C;24;05;8C;FE;98;40;0.1129
CAN 1;In;0x201;183;356.5559;8;F0;0C;8D;00;07;FF;EF;FF;0.1129
CAN 1;In;0x101;184;356.6681;8;F1;0C;AC;04;9C;FE;48;41;0.1129
CAN 1;In;0x201;184;356.6688;8;F1;0C;A2;00;12;FF;F8;FF;0.1129
CAN 1;In;0x101;185;356.7812;8;F1;0C;30;05;14;FF;04;41;0.1131
CAN 1;In;0x201;185;356.7820;8;F1;0C;9B;00;0F;FF;E7;FF;0.1132
CAN 1;In;0x101;186;356.8940;8;F0;0C;EC;04;FC;FE;C4;40;0.1128
CAN 1;In;0x201;186;356.8947;8;F0;0C;A6;00;20;FF;F3;FF;0.1128
CAN 1;In;0x101;187;357.0074;8;F1;0C;40;05;58;FE;0C;41;0.1134
CAN 1;In;0x201;187;357.0334;8;F1;0C;9E;00;1B;FF;F3;FF;0.1387
CAN 1;In;0x201;188;357.1167;8;F1;0C;A3;00;0A;FF;E7;FF;0.0833
CAN 1;In;0x101;188;357.1325;8;F1;0C;A0;04;7C;FE;44;41;0.1251
CAN 1;In;0x101;189;357.2191;8;F1;0C;3C;05;A4;FE;B0;40;0.0866
CAN 1;In;0x201;189;357.2201;8;F1;0C;AD;00;23;FF;E7;FF;0.1034
CAN 1;In;0x101;190;357.3320;8;F1;0C;24;05;0C;FF;04;41;0.1129
CAN 1;In;0x201;190;357.3326;8;F1;0C;9A;00;11;FF;FB;FF;0.1125
CAN 1;In;0x101;191;357.4449;8;00;0D;1C;05;A4;FE;94;40;0.1129
CAN 1;In;0x201;191;357.4457;8;00;0D;9F;00;04;FF;F6;FF;0.1131
CAN 1;In;0x201;192;357.5714;8;F1;0C;9D;00;15;FF;E1;FF;0.1257
CAN 1;In;0x101;192;357.5871;8;F1;0C;30;05;80;FE;B4;40;0.1421
CAN 1;In;0x101;193;357.6700;8;F1;0C;CC;04;A8;FE;FC;40;0.0830
CAN 1;In;0x201;193;357.6710;8;F1;0C;A1;00;0F;FF;F3;FF;0.0995
CAN 1;In;0x101;194;357.7829;8;F1;0C;54;05;48;FE;7C;41;0.1129
CAN 1;In;0x201;194;357.7839;8;F1;0C;AC;00;13;FF;F4;FF;0.1129
CAN 1;In;0x101;195;357.8958;8;00;0D;9C;04;AC;FE;20;41;0.1129
CAN 1;In;0x201;195;357.8969;8;00;0D;A6;00;13;FF;F3;FF;0.1130
CAN 1;In;0x101;196;358.0090;8;F1;0C;D0;04;84;FE;A8;40;0.1132
CAN 1;In;0x201;196;358.0094;8;F1;0C;A6;00;0D;FF;F9;FF;0.1125
CAN 1;In;0x101;197;358.1217;8;F0;0C;44;05;8C;FE;AC;41;0.1128
CAN 1;In;0x201;197;358.1224;8;F0;0C;AC;00;0D;FF;FD;FF;0.1130
CAN 1;In;0x101;198;358.2348;8;F0;0C;34;05;20;FF;CC;40;0.1131
CAN 1;In;0x201;198;358.2355;8;F0;0C;A3;00;0F;FF;F0;FF;0.1131
CAN 1;In;0x101;199;358.3479;8;00;0D;50;05;C0;FE;08;41;0.1131
CAN 1;In;0x201;199;358.3487;8;00;0D;A3;00;0C;FF;F0;FF;0.1131
CAN 1;In;0x101;200;358.4607;8;F1;0C;B8;04;98;FE;D8;40;0.1128
CAN 1;In;0x201;200;358.4613;8;F1;0C;A8;00;20;FF;FA;FF;0.1126
CAN 1;In;0x101;201;358.5738;8;F0;0C;18;05;94;FE;E8;40;0.1131
CAN 1;In;0x201;201;358.5746;8;F0;0C;9F;00;05;FF;F0;FF;0.1134
CAN 1;In;0x101;202;358.6866;8;00;0D;B8;04;F4;FE;E8;40;0.1128
CAN 1;In;0x201;202;358.6874;8;00;0D;A5;00;0C;FF;F2;FF;0.1128
CAN 1;In;0x101;203;358.7998;8;F0;0C;44;05;9C;FE;00;41;0.1132
CAN 1;In;0x201;203;358.8005;8;F0;0C;A1;00;23;FF;E6;FF;0.1131
CAN 1;In;0x101;204;358.9125;8;F1;0C;60;05;FC;FE;F4;40;0.1127
CAN 1;In;0x201;204;358.9133;8;F1;0C;A9;00;17;FF;D7;FF;0.1128
CAN 1;In;0x101;205;359.0256;8;F1;0C;84;05;90;FE;9C;40;0.1131
CAN 1;In;0x201;205;359.0262;8;F1;0C;A3;00;19;FF;E9;FF;0.1129
CAN 1;In;0x101;206;359.1385;8;F0;0C;5C;05;AC;FE;F4;40;0.1130
CAN 1;In;0x201;206;359.1394;8;F0;0C;AB;00;10;FF;EF;FF;0.1131
CAN 1;In;0x101;207;359.2516;8;F1;0C;3C;05;8C;FE;F8;40;0.1130
CAN 1;In;0x201;207;359.2524;8;F1;0C;AF;00;13;FF;EE;FF;0.1130
CAN 1;In;0x101;208;359.3657;8;F1;0C;00;05;A0;FE;B0;40;0.1141
CAN 1;In;0x201;208;359.3817;8;F1;0C;9B;00;15;FF;EB;FF;0.1293
CAN 1;In;0x201;209;359.4777;8;F0;0C;A1;00;24;FF;E8;FF;0.0960
CAN 1;In;0x101;209;359.4936;8;F0;0C;90;04;FC;FE;70;40;0.1279
CAN 1;In;0x201;210;359.5893;8;F1;0C;A2;00;19;FF;02;00;0.1116
CAN 1;In;0x101;210;359.6047;8;F1;0C;4C;05;AC;FE;B0;40;0.1112
CAN 1;In;0x101;211;359.6897;8;F0;0C;28;05;68;FE;8C;40;0.0850
CAN 1;In;0x201;211;359.7008;8;F0;0C;A0;00;09;FF;FC;FF;0.1115
CAN 1;In;0x201;212;359.8102;8;F1;0C;AE;00;1C;FF;DE;FF;0.1094
CAN 1;In;0x101;212;359.8103;8;F1;0C;BC;04;B0;FE;18;41;0.1205
CAN 1;In;0x101;213;359.9014;8;00;0D;08;05;A4;FE;C8;40;0.0911
CAN 1;In;0x201;213;359.9022;8;00;0D;AB;00;1E;FF;FA;FF;0.0919
CAN 1;In;0x101;214;360.0146;8;F1;0C;58;05;EC;FE;1C;41;0.1132
CAN 1;In;0x201;214;360.0153;8;F1;0C;A8;00;12;FF;F3;FF;0.1131
CAN 1;In;0x101;215;360.1274;8;F1;0C;F4;04;A4;FE;FC;40;0.1128
CAN 1;In;0x201;215;360.1281;8;F1;0C;A7;00;14;FF;F2;FF;0.1129
CAN 1;In;0x101;216;360.2405;8;F0;0C;4C;05;AC;FE;E0;40;0.1131
CAN 1;In;0x201;216;360.2412;8;F0;0C;AA;00;13;FF;E5;FF;0.1131
CAN 1;In;0x101;217;360.3533;8;F0;0C;04;05;94;FE;D4;40;0.1127
CAN 1;In;0x201;217;360.3541;8;F0;0C;AE;00;1D;FF;F9;FF;0.1128
CAN 1;In;0x101;218;360.4662;8;F1;0C;D4;04;E0;FE;38;41;0.1130
CAN 1;In;0x201;218;360.4670;8;F1;0C;A1;00;28;FF;F5;FF;0.1129
CAN 1;In;0x101;219;360.5792;8;F0;0C;08;05;5C;FE;20;41;0.1129
CAN 1;In;0x201;219;360.5800;8;F0;0C;98;00;11;FF;E1;FF;0.1131
CAN 1;In;0x101;220;360.6922;8;F0;0C;F0;04;94;FE;04;41;0.1130
CAN 1;In;0x201;220;360.6931;8;F0;0C;AA;00;0E;FF;FE;FF;0.1131
CAN 1;In;0x101;221;360.8051;8;F1;0C;04;05;9C;FE;80;41;0.1129
CAN 1;In;0x201;221;360.8060;8;F1;0C;94;00;25;FF;E3;FF;0.1129
CAN 1;In;0x101;222;360.9181;8;F0;0C;84;05;94;FE;00;41;0.1130
CAN 1;In;0x201;222;360.9187;8;F0;0C;A2;00;1A;FF;E6;FF;0.1127
CAN 1;In;0x101;223;361.0312;8;F1;0C;E8;04;94;FE;9C;40;0.1131
CAN 1;In;0x201;223;361.0320;8;F1;0C;9C;00;09;FF;FC;FF;0.1133
CAN 1;In;0x101;224;361.1442;8;F0;0C;24;05;74;FE;40;41;0.1130
CAN 1;In;0x201;224;361.1449;8;F0;0C;AE;00;13;FF;E7;FF;0.1129
CAN 1;In;0x101;225;361.2573;8;F1;0C;54;05;C0;FE;E0;40;0.1131
CAN 1;In;0x201;225;361.2581;8;F1;0C;A6;00;10;FF;F3;FF;0.1132
CAN 1;In;0x101;226;361.3702;8;F0;0C;70;05;70;FE;FC;40;0.1129
CAN 1;In;0x201;226;361.3711;8;F0;0C;A7;00;2A;FF;F4;FF;0.1129
CAN 1;In;0x201;227;361.5098;8;F0;0C;AC;00;18;FF;E8;FF;0.1388
CAN 1;In;0x101;227;361.5098;8;F0;0C;F0;04;E0;FE;4C;41;0.1396
CAN 1;In;0x201;228;361.6201;8;F1;0C;A9;00;1D;FF;F2;FF;0.1103
CAN 1;In;0x101;228;361.6202;8;F1;0C;B8;05;8C;FE;38;41;0.1104
CAN 1;In;0x201;229;361.7108;8;F1;0C;AF;00;1E;FF;F0;FF;0.0906
CAN 1;In;0x101;229;361.7266;8;F1;0C;2C;05;80;FE;38;40;0.1064
CAN 1;In;0x201;230;361.8280;8;F1;0C;9A;00;23;FF;FA;FF;0.1173
CAN 1;In;0x101;230;361.8281;8;F1;0C;54;05;8C;FE;E8;40;0.1015
CAN 1;In;0x101;231;361.9160;8;F1;0C;30;05;5C;FE;FC;40;0.0879
CAN 1;In;0x201;231;361.9258;8;F1;0C;AC;00;21;FF;EB;FF;0.0978
CAN 1;In;0x201;232;362.0357;8;00;0D;A6;00;0C;FF;E6;FF;0.1099
CAN 1;In;0x101;232;362.0357;8;00;0D;58;05;54;FE;9C;40;0.1197
CAN 1;In;0x201;233;362.1539;8;F0;0C;9F;00;15;FF;E1;FF;0.1182
CAN 1;In;0x101;233;362.1540;8;F0;0C;40;05;8C;FE;C0;40;0.1183
CAN 1;In;0x101;234;362.2349;8;F1;0C;3C;05;5C;FE;44;41;0.0809
CAN 1;In;0x201;234;362.2611;8;F1;0C;A1;00;0F;FF;E6;FF;0.1072
CAN 1;In;0x201;235;362.3598;8;F1;0C;AD;00;06;FF;05;00;0.0987
CAN 1;In;0x101;235;362.3598;8;F1;0C;38;05;68;FE;50;41;0.1249
CAN 1;In;0x101;236;362.4470;8;00;0D;50;05;9C;FE;E0;40;0.0872
CAN 1;In;0x201;236;362.4477;8;00;0D;AF;00;1F;FF;EF;FF;0.0879
CAN 1;In;0x101;237;362.5597;8;F0;0C;2C;05;D8;FE;98;40;0.1127
CAN 1;In;0x201;237;362.5608;8;F0;0C;A1;00;22;FF;E3;FF;0.1131
CAN 1;In;0x101;238;362.6728;8;F0;0C;18;05;74;FE;88;40;0.1131
CAN 1;In;0x201;238;362.6735;8;F0;0C;AA;00;02;FF;F5;FF;0.1127
CAN 1;In;0x101;239;362.7859;8;F1;0C;64;05;CC;FE;B8;40;0.1130
CAN 1;In;0x201;239;362.7863;8;F1;0C;BE;00;18;FF;E6;FF;0.1128
CAN 1;In;0x101;240;362.8987;8;00;0D;F8;04;E8;FE;C0;40;0.1129
CAN 1;In;0x201;240;362.8997;8;00;0D;8A;00;0D;FF;E3;FF;0.1134
CAN 1;In;0x101;241;363.0117;8;01;0D;74;05;AC;FE;5C;40;0.1130
CAN 1;In;0x201;241;363.0129;8;01;0D;B8;00;15;FF;E6;FF;0.1132
CAN 1;In;0x101;242;363.1253;8;F1;0C;7C;05;AC;FE;1C;41;0.1136
CAN 1;In;0x201;242;363.1262;8;F1;0C;93;00;23;FF;06;00;0.1133
CAN 1;In;0x101;243;363.2386;8;F1;0C;F4;04;BC;FE;C0;40;0.1133
CAN 1;In;0x201;243;363.2393;8;F1;0C;B4;00;26;FF;E3;FF;0.1131
CAN 1;In;0x101;244;363.3517;8;01;0D;3C;05;50;FE;E0;40;0.1131
CAN 1;In;0x201;244;363.3524;8;01;0D;8F;00;13;FF;EE;FF;0.1131
CAN 1;In;0x101;245;363.4646;8;00;0D;E4;04;18;FF;F0;40;0.1129
CAN 1;In;0x201;245;363.4653;8;00;0D;A6;00;1A;FF;F5;FF;0.1129
CAN 1;In;0x101;246;363.5777;8;F1;0C;1C;05;CC;FE;14;41;0.1131
CAN 1;In;0x201;246;363.5785;8;F1;0C;A3;00;18;FF;F3;FF;0.1132
CAN 1;In;0x201;247;363.7171;8;F0;0C;B6;00;1B;FF;E7;FF;0.1387
CAN 1;In;0x101;247;363.7173;8;F0;0C;74;05;8C;FE;48;40;0.1396
CAN 1;In;0x201;248;363.8258;8;F1;0C;C5;00;33;FF;E4;FF;0.1086
CAN 1;In;0x101;248;363.8259;8;F1;0C;58;05;B8;FE;1C;41;0.1087
CAN 1;In;0x101;249;363.9095;8;F0;0C;98;04;58;FE;DC;40;0.0836
CAN 1;In;0x201;249;363.9103;8;F0;0C;98;00;1E;FF;E9;FF;0.0845
CAN 1;In;0x101;250;364.0227;8;F0;0C;38;05;18;FF;04;41;0.1132
CAN 1;In;0x201;250;364.0230;8;F0;0C;AD;00;14;FF;E7;FF;0.1127
CAN 1;In;0x101;251;364.1358;8;F0;0C;54;05;74;FE;10;41;0.1131
CAN 1;In;0x201;251;364.1362;8;F0;0C;B3;00;1A;FF;F7;FF;0.1132
CAN 1;In;0x101;252;364.2485;8;00;0D;04;05;80;FE;30;41;0.1128
CAN 1;In;0x201;252;364.2493;8;00;0D;AD;00;07;FF;DA;FF;0.1131
CAN 1;In;0x101;253;364.3616;8;00;0D;A0;05;64;FE;A8;40;0.1131
CAN 1;In;0x201;253;364.3622;8;00;0D;97;00;17;FF;FF;FF;0.1130
CAN 1;In;0x101;254;364.4746;8;F0;0C;48;05;B4;FE;DC;40;0.1130
CAN 1;In;0x201;254;364.4753;8;F0;0C;9E;00;18;FF;F0;FF;0.1131
CAN 1;In;0x101;255;364.5876;8;F1;0C;44;05;C4;FE;A4;40;0.1130
CAN 1;In;0x201;255;364.5883;8;F1;0C;A9;00;21;FF;ED;FF;0.1130
CAN 1;In;0x101;256;364.7004;8;F0;0C;3C;05;B8;FE;30;41;0.1128
CAN 1;In;0x201;256;364.7014;8;F0;0C;AF;00;17;FF;E6;FF;0.1131
CAN 1;In;0x101;257;364.8133;8;F0;0C;14;05;AC;FE;A8;40;0.1129
CAN 1;In;0x201;257;364.8141;8;F0;0C;97;00;11;FF;F9;FF;0.1127
CAN 1;In;0x101;258;364.9264;8;F0;0C;D0;04;8C;FE;14;41;0.1131
CAN 1;In;0x201;258;364.9272;8;F0;0C;A7;00;06;FF;E3;FF;0.1131
CAN 1;In;0x101;259;365.0396;8;F0;0C;18;05;B8;FE;B0;40;0.1132
CAN 1;In;0x201;259;365.0403;8;F0;0C;AB;00;09;FF;ED;FF;0.1131
CAN 1;In;0x101;260;365.1525;8;00;0D;34;05;B0;FE;58;40;0.1130
CAN 1;In;0x201;260;365.1533;8;00;0D;A5;00;14;FF;E9;FF;0.1130
CAN 1;In;0x201;261;365.2905;8;F1;0C;B3;00;05;FF;F5;FF;0.1372
CAN 1;In;0x101;261;365.2907;8;F1;0C;60;05;90;FE;20;41;0.1382
CAN 1;In;0x101;262;365.3722;8;F1;0C;E8;04;FC;FE;00;41;0.0815
CAN 1;In;0x201;262;365.3967;8;F1;0C;AF;00;15;FF;EE;FF;0.1062
CAN 1;In;0x101;263;365.4772;8;F1;0C;48;05;F0;FE;C4;40;0.1050
CAN 1;In;0x201;263;365.5045;8;F1;0C;B0;00;05;FF;F9;FF;0.1078
CAN 1;In;0x201;264;365.5924;8;00;0D;9F;00;06;FF;F3;FF;0.0879
CAN 1;In;0x101;264;365.6042;8;00;0D;C0;04;74;FE;C0;40;0.1269
CAN 1;In;0x201;265;365.6989;8;F0;0C;99;00;13;FF;E7;FF;0.1065
CAN 1;In;0x101;265;365.6989;8;F0;0C;00;05;B0;FE;F4;40;0.0947
CAN 1;In;0x101;266;365.8013;8;F0;0C;F4;04;CC;FE;20;41;0.1024
CAN 1;In;0x201;266;365.8021;8;F0;0C;9F;00;24;FF;F2;FF;0.1033
CAN 1;In;0x101;267;365.9139;8;F0;0C;1C;05;48;FE;FC;40;0.1126
CAN 1;In;0x201;267;365.9147;8;F0;0C;AD;00;1A;FF;E1;FF;0.1126
CAN 1;In;0x101;268;366.0272;8;00;0D;60;05;BC;FE;08;41;0.1132
CAN 1;In;0x201;268;366.0279;8;00;0D;A7;00;13;FF;F1;FF;0.1132
CAN 1;In;0x101;269;366.1401;8;00;0D;BC;04;94;FE;AC;40;0.1130
CAN 1;In;0x201;269;366.1409;8;00;0D;A1;00;0A;FF;E8;FF;0.1130
CAN 1;In;0x101;270;366.2530;8;F0;0C;A4;05;AC;FE;10;41;0.1129
CAN 1;In;0x201;270;366.2537;8;F0;0C;A3;00;0D;FF;EB;FF;0.1129
CAN 1;In;0x101;271;366.3659;8;00;0D;24;05;74;FE;CC;40;0.1128
CAN 1;In;0x201;271;366.3667;8;00;0D;A1;00;1C;FF;EF;FF;0.1129
CAN 1;In;0x101;272;366.4790;8;F0;0C;1C;05;28;FF;14;41;0.1132
CAN 1;In;0x201;272;366.4798;8;F0;0C;A8;00;26;FF;F4;FF;0.1132
CAN 1;In;0x101;273;366.5920;8;F1;0C;00;05;5C;FE;A8;40;0.1130
CAN 1;In;0x201;273;366.5928;8;F1;0C;AE;00;16;FF;F1;FF;0.1130
CAN 1;In;0x101;274;366.7052;8;F1;0C;AC;05;94;FE;F0;40;0.1131
CAN 1;In;0x201;274;366.7060;8;F1;0C;A4;00;1E;FF;02;00;0.1131
CAN 1;In;0x101;275;366.8182;8;F0;0C;FC;04;C0;FE;D0;41;0.1130
CAN 1;In;0x201;275;366.8189;8;F0;0C;A8;00;0E;FF;09;00;0.1129
CAN 1;In;0x101;276;366.9308;8;F1;0C;04;05;08;FF;34;41;0.1127
CAN 1;In;0x201;276;366.9317;8;F1;0C;AD;00;1F;FF;ED;FF;0.1128
CAN 1;In;0x201;277;367.0692;8;F1;0C;AD;00;0E;FF;ED;FF;0.1375
CAN 1;In;0x101;277;367.0693;8;F1;0C;30;05;98;FE;E8;40;0.1385
CAN 1;In;0x201;278;367.1757;8;F1;0C;A7;00;11;FF;ED;FF;0.1066
CAN 1;In;0x101;278;367.1758;8;F1;0C;38;05;D8;FE;D4;40;0.1064
CAN 1;In;0x201;279;367.2643;8;F0;0C;AA;00;15;FF;FB;FF;0.0886
CAN 1;In;0x101;279;367.2802;8;F0;0C;F0;04;98;FE;1C;41;0.1044
CAN 1;In;0x201;280;367.3910;8;F0;0C;A3;00;11;FF;EE;FF;0.1267
CAN 1;In;0x101;280;367.3912;8;F0;0C;F0;04;8C;FE;C0;40;0.1111
CAN 1;In;0x101;281;367.4716;8;F1;0C;5C;05;88;FE;38;41;0.0804
CAN 1;In;0x201;281;367.4986;8;F1;0C;A2;00;15;FF;00;00;0.1076
CAN 1;In;0x201;282;367.6001;8;F1;0C;A3;00;1D;FF;FC;FF;0.1015
CAN 1;In;0x101;282;367.6003;8;F1;0C;1C;05;74;FE;44;40;0.1287
CAN 1;In;0x101;283;367.6838;8;F0;0C;E4;04;80;FE;84;40;0.0835
CAN 1;In;0x201;283;367.6845;8;F0;0C;9F;00;22;FF;F8;FF;0.0844
CAN 1;In;0x101;284;367.8019;8;F1;0C;E8;04;B8;FE;E4;40;0.1181
CAN 1;In;0x201;284;367.8116;8;F1;0C;B0;00;17;FF;03;00;0.1270
CAN 1;In;0x201;285;367.9210;8;01;0D;B0;00;0D;FF;E6;FF;0.1094
CAN 1;In;0x101;285;367.9214;8;01;0D;2C;05;74;FE;88;40;0.1194
CAN 1;In;0x201;286;368.0221;8;F1;0C;A4;00;19;FF;EA;FF;0.1011
CAN 1;In;0x101;286;368.0378;8;F1;0C;EC;04;50;FE;E8;40;0.1164
CAN 1;In;0x101;287;368.1205;8;F0;0C;D4;04;7C;FE;30;41;0.0828
CAN 1;In;0x201;287;368.1215;8;F0;0C;A0;00;25;FF;FD;FF;0.0993
CAN 1;In;0x101;288;368.2336;8;01;0D;F8;04;68;FE;00;41;0.1131
CAN 1;In;0x201;288;368.2344;8;01;0D;9F;00;0B;FF;F3;FF;0.1129
CAN 1;In;0x101;289;368.3465;8;F1;0C;DC;04;98;FE;BC;40;0.1129
CAN 1;In;0x201;289;368.3473;8;F1;0C;A1;00;1D;FF;E6;FF;0.1129
CAN 1;In;0x101;290;368.4594;8;F0;0C;F8;04;A0;FE;0C;41;0.1129
CAN 1;In;0x201;290;368.4604;8;F0;0C;AD;00;18;FF;ED;FF;0.1131
CAN 1;In;0x101;291;368.5724;8;00;0D;48;05;A4;FE;B8;40;0.1130
CAN 1;In;0x201;291;368.5735;8;00;0D;9B;00;16;FF;F5;FF;0.1131
CAN 1;In;0x101;292;368.6856;8;F1;0C;F4;04;A4;FE;B4;40;0.1132
CAN 1;In;0x201;292;368.6861;8;F1;0C;A8;00;17;FF;EE;FF;0.1126
CAN 1;In;0x101;293;368.7984;8;00;0D;00;05;74;FE;FC;40;0.1128
CAN 1;In;0x201;293;368.7992;8;00;0D;95;00;F9;FE;F5;FF;0.1132
CAN 1;In;0x101;294;368.9114;8;00;0D;50;05;54;FE;E8;40;0.1130
CAN 1;In;0x201;294;368.9121;8;00;0D;A0;00;0E;FF;E4;FF;0.1129
CAN 1;In;0x101;295;369.0247;8;01;0D;0C;05;E4;FE;54;41;0.1133
CAN 1;In;0x201;295;369.0255;8;01;0D;9B;00;0B;FF;F0;FF;0.1133
CAN 1;In;0x101;296;369.1375;8;F1;0C;C0;04;8C;FE;D0;40;0.1128
CAN 1;In;0x201;296;369.1383;8;F1;0C;AC;00;14;FF;F5;FF;0.1128
CAN 1;In;0x101;297;369.2502;8;01;0D;F0;04;84;FE;4C;41;0.1127
CAN 1;In;0x201;297;369.2509;8;01;0D;98;00;1F;FF;DF;FF;0.1127
CAN 1;In;0x101;298;369.3634;8;01;0D;D8;04;60;FE;F8;40;0.1132
CAN 1;In;0x201;298;369.3641;8;01;0D;9C;00;1F;FF;E4;FF;0.1132
CAN 1;In;0x101;299;369.4763;8;F1;0C;1C;05;80;FE;FC;40;0.1128
CAN 1;In;0x201;299;369.4769;8;F1;0C;A4;00;25;FF;F8;FF;0.1127
CAN 1;In;0x101;300;369.5894;8;F1;0C;54;05;80;FE;0C;41;0.1131
CAN 1;In;0x201;300;369.5901;8;F1;0C;90;00;29;FF;EE;FF;0.1132
CAN 1;In;0x101;301;369.7023;8;01;0D;D0;04;38;FE;C0;40;0.1129
CAN 1;In;0x201;301;369.7031;8;01;0D;A1;00;11;FF;F2;FF;0.1130
CAN 1;In;0x201;302;369.8287;8;F0;0C;A6;00;22;FF;E9;FF;0.1256
CAN 1;In;0x101;302;369.8445;8;F0;0C;F8;04;BC;FE;E0;40;0.1422
CAN 1;In;0x101;303;369.9286;8;00;0D;40;05;B8;FE;44;41;0.0841
CAN 1;In;0x201;303;369.9298;8;00;0D;9F;00;1B;FF;EA;FF;0.1011
CAN 1;In;0x101;304;370.0423;8;F0;0C;60;05;94;FE;F4;40;0.1138
CAN 1;In;0x201;304;370.0431;8;F0;0C;8D;00;0D;FF;F7;FF;0.1133
CAN 1;In;0x101;305;370.1551;8;F1;0C;1C;05;68;FE;04;41;0.1128
CAN 1;In;0x201;305;370.1559;8;F1;0C;A9;00;12;FF;EC;FF;0.1129
CAN 1;In;0x101;306;370.2680;8;F1;0C;68;05;BC;FE;D0;40;0.1129
CAN 1;In;0x201;306;370.2688;8;F1;0C;99;00;20;FF;F0;FF;0.1129
CAN 1;In;0x101;307;370.3811;8;F1;0C;48;05;10;FF;40;40;0.1131
CAN 1;In;0x201;307;370.3817;8;F1;0C;AE;00;15;FF;F1;FF;0.1129
CAN 1;In;0x101;308;370.4941;8;F1;0C;1C;05;7C;FE;34;41;0.1130
CAN 1;In;0x201;308;370.4951;8;F1;0C;B1;00;28;FF;F1;FF;0.1134
CAN 1;In;0x201;309;370.6331;8;F1;0C;A3;00;0B;FF;FB;FF;0.1380
CAN 1;In;0x101;309;370.6333;8;F1;0C;30;05;C4;FE;78;40;0.1392
CAN 1;In;0x101;310;370.7140;8;F0;0C;28;05;E4;FE;A8;40;0.0808
CAN 1;In;0x201;310;370.7256;8;F0;0C;AC;00;1C;FF;F5;FF;0.0926
CAN 1;In;0x201;311;370.8241;8;F0;0C;B2;00;19;FF;EA;FF;0.0985
CAN 1;In;0x101;311;370.8243;8;F0;0C;F4;04;A4;FE;FC;40;0.1103
CAN 1;In;0x101;312;370.9260;8;00;0D;00;05;44;FE;1C;41;0.1017
CAN 1;In;0x201;312;370.9268;8;00;0D;A4;00;1C;FF;FE;FF;0.1027
CAN 1;In;0x101;313;371.0390;8;F1;0C;EC;04;C8;FE;A0;40;0.1130
CAN 1;In;0x201;313;371.0397;8;F1;0C;A1;00;16;FF;E0;FF;0.1129
CAN 1;In;0x101;314;371.1519;8;F1;0C;24;05;70;FE;90;40;0.1129
CAN 1;In;0x201;314;371.1526;8;F1;0C;9F;00;06;FF;E7;FF;0.1129
CAN 1;In;0x101;315;371.2649;8;F1;0C;34;05;BC;FE;B0;41;0.1130
CAN 1;In;0x201;315;371.2656;8;F1;0C;A1;00;15;FF;EA;FF;0.1129
CAN 1;In;0x101;316;371.3779;8;F0;0C;4C;05;00;FF;78;40;0.1130
CAN 1;In;0x201;316;371.3787;8;F0;0C;A2;00;11;FF;FA;FF;0.1131
CAN 1;In;0x101;317;371.4909;8;F1;0C;DC;04;5C;FE;FC;40;0.1130
CAN 1;In;0x201;317;371.4915;8;F1;0C;9E;00;13;FF;F6;FF;0.1128
CAN 1;In;0x101;318;371.6041;8;F1;0C;D8;04;9C;FE;20;41;0.1132
CAN 1;In;0x201;318;371.6048;8;F1;0C;AF;00;17;FF;02;00;0.1133
CAN 1;In;0x101;319;371.7167;8;F1;0C;24;05;98;FE;B4;40;0.1127
CAN 1;In;0x201;319;371.7174;8;F1;0C;8E;00;23;FF;F9;FF;0.1126
CAN 1;In;0x201;320;371.8425;8;F1;0C;98;00;0C;FF;EF;FF;0.1250
CAN 1;In;0x101;320;371.8581;8;F1;0C;7C;05;6C;FE;D8;40;0.1414
CAN 1;In;0x101;321;371.9417;8;01;0D;E8;04;64;FE;F4;40;0.0836
CAN 1;In;0x201;321;371.9424;8;01;0D;A0;00;12;FF;F2;FF;0.1000
CAN 1;In;0x101;322;372.0547;8;00;0D;94;05;60;FE;50;41;0.1130
CAN 1;In;0x201;322;372.0555;8;00;0D;B6;00;2B;FF;EF;FF;0.1130
CAN 1;In;0x101;323;372.1676;8;F1;0C;50;05;60;FE;E0;40;0.1129
CAN 1;In;0x201;323;372.1684;8;F1;0C;9F;00;15;FF;E7;FF;0.1129
CAN 1;In;0x101;324;372.2807;8;01;0D;1C;05;54;FE;C0;40;0.1131
CAN 1;In;0x201;324;372.2925;8;01;0D;A2;00;1C;FF;E2;FF;0.1241
CAN 1;In;0x201;325;372.4020;8;F0;0C;B0;00;20;FF;C1;FF;0.1095
CAN 1;In;0x101;325;372.4020;8;F0;0C;68;05;D8;FF;F4;40;0.1213
CAN 1;In;0x101;326;372.4926;8;F0;0C;54;04;34;FF;F8;40;0.0906
CAN 1;In;0x201;326;372.4933;8;F0;0C;B3;00;17;FF;F2;FF;0.0913
CAN 1;In;0x101;327;372.6056;8;F1;0C;F0;04;E0;FE;04;41;0.1130
CAN 1;In;0x201;327;372.6064;8;F1;0C;83;00;20;FF;F1;FF;0.1131
CAN 1;In;0x101;328;372.7185;8;F0;0C;00;05;B0;FE;A8;41;0.1130
CAN 1;In;0x201;328;372.7191;8;F0;0C;9D;00;12;FF;D3;FF;0.1127
CAN 1;In;0x101;329;372.8314;8;F1;0C;D8;04;88;FE;3C;41;0.1129
CAN 1;In;0x201;329;372.8322;8;F1;0C;8E;00;17;FF;EB;FF;0.1131
CAN 1;In;0x101;330;372.9447;8;F1;0C;2C;05;30;FE;60;40;0.1133
CAN 1;In;0x201;330;372.9454;8;F1;0C;C1;00;10;FF;E7;FF;0.1132
CAN 1;In;0x101;331;373.0577;8;F0;0C;1C;05;90;FE;58;40;0.1130
CAN 1;In;0x201;331;373.0584;8;F0;0C;A7;00;22;FF;E8;FF;0.1130
CAN 1;In;0x101;332;373.1709;8;01;0D;14;05;64;FE;10;41;0.1131
CAN 1;In;0x201;332;373.1713;8;01;0D;A3;00;20;FF;00;00;0.1129
CAN 1;In;0x101;333;373.2837;8;F0;0C;0C;05;B0;FE;70;40;0.1129
CAN 1;In;0x201;333;373.2842;8;F0;0C;95;00;18;FF;F1;FF;0.1129
CAN 1;In;0x101;334;373.3966;8;00;0D;00;05;B4;FE;B4;40;0.1129
CAN 1;In;0x201;334;373.3973;8;00;0D;A4;00;0F;FF;EC;FF;0.1131
CAN 1;In;0x101;335;373.5094;8;F0;0C;40;05;F0;FE;5C;41;0.1128
CAN 1;In;0x201;335;373.5102;8;F0;0C;9F;00;27;FF;F1;FF;0.1129
CAN 1;In;0x101;336;373.6225;8;F1;0C;30;05;90;FE;A8;40;0.1131
CAN 1;In;0x201;336;373.6489;8;F1;0C;90;00;FD;FE;E6;FF;0.1387
CAN 1;In;0x201;337;373.7344;8;01;0D;9A;00;23;FF;F0;FF;0.0855
CAN 1;In;0x101;337;373.7461;8;01;0D;E8;04;BC;FE;F8;40;0.1236
CAN 1;In;0x201;338;373.8445;8;F0;0C;A1;00;18;FF;EB;FF;0.1101
CAN 1;In;0x101;338;373.8445;8;F0;0C;34;05;E8;FE;A0;40;0.0984
CAN 1;In;0x101;339;373.9463;8;F0;0C;10;05;30;FE;84;40;0.1018
CAN 1;In;0x201;339;373.9470;8;F0;0C;B9;00;26;FF;E6;FF;0.1025
CAN 1;In;0x101;340;374.0594;8;F0;0C;08;05;80;FE;CC;40;0.1131
CAN 1;In;0x201;340;374.0601;8;F0;0C;8E;00;28;FF;ED;FF;0.1131
CAN 1;In;0x101;341;374.1722;8;F0;0C;3C;05;B0;FE;D8;40;0.1128
CAN 1;In;0x201;341;374.1730;8;F0;0C;AB;00;0E;FF;DD;FF;0.1129
CAN 1;In;0x101;342;374.2854;8;F1;0C;14;05;4C;FE;4C;41;0.1132
CAN 1;In;0x201;342;374.2861;8;F1;0C;9E;00;08;FF;E9;FF;0.1131
CAN 1;In;0x101;343;374.3981;8;00;0D;88;05;B0;FE;F4;40;0.1128
CAN 1;In;0x201;343;374.3988;8;00;0D;8C;00;14;FF;F4;FF;0.1127
CAN 1;In;0x101;344;374.5112;8;F1;0C;2C;05;8C;FE;F0;40;0.1131
CAN 1;In;0x201;344;374.5119;8;F1;0C;A7;00;08;FF;FA;FF;0.1131
CAN 1;In;0x101;345;374.6242;8;F1;0C;40;05;C8;FE;68;40;0.1130
CAN 1;In;0x201;345;374.6251;8;F1;0C;B0;00;18;FF;EE;FF;0.1132
CAN 1;In;0x101;346;374.7370;8;F0;0C;18;05;2C;FE;54;41;0.1129
CAN 1;In;0x201;346;374.7378;8;F0;0C;9F;00;1D;FF;EB;FF;0.1127
CAN 1;In;0x101;347;374.8501;8;F1;0C;14;05;9C;FE;B8;40;0.1131
CAN 1;In;0x201;347;374.8509;8;F1;0C;71;00;02;FF;F5;FF;0.1131
CAN 1;In;0x101;348;374.9634;8;F1;0C;9C;05;44;FE;C8;40;0.1133
CAN 1;In;0x201;348;374.9639;8;F1;0C;34;00;17;FF;F1;FF;0.1131
CAN 1;In;0x101;349;375.0760;8;F1;0C;40;05;98;FE;10;41;0.1126
CAN 1;In;0x201;349;375.0767;8;F1;0C;77;00;0D;FF;F0;FF;0.1128
CAN 1;In;0x101;350;375.1891;8;F1;0C;74;05;50;FE;08;41;0.1131
CAN 1;In;0x201;350;375.2000;8;F1;0C;20;00;1A;FF;D4;FF;0.1233
CAN 1;In;0x101;351;375.2940;8;F1;0C;F8;04;54;FE;D0;40;0.1049
CAN 1;In;0x201;351;375.3099;8;F1;0C;8F;00;0D;FF;ED;FF;0.1099
CAN 1;In;0x201;352;375.4049;8;F1;0C;67;00;29;FF;F3;FF;0.0950
CAN 1;In;0x101;352;375.4202;8;F1;0C;30;05;58;FE;F0;40;0.1261
CAN 1;In;0x201;353;375.5113;8;F1;0C;77;00;13;FF;EA;FF;0.1064
CAN 1;In;0x101;353;375.5269;8;F1;0C;80;05;C0;FE;CC;40;0.1067
CAN 1;In;0x201;354;375.6332;8;F1;0C;85;00;08;FF;E4;FF;0.1219
CAN 1;In;0x101;354;375.6337;8;F1;0C;E0;04;AC;FE;D8;40;0.1067
CAN 1;In;0x101;355;375.7199;8;00;0D;70;05;1C;FE;08;41;0.0863
CAN 1;In;0x201;355;375.7207;8;00;0D;C4;00;1B;FF;F3;FF;0.0875
CAN 1;In;0x101;356;375.8329;8;F1;0C;3C;05;A8;FE;CC;40;0.1129
CAN 1;In;0x201;356;375.8335;8;F1;0C;B6;00;00;FF;E9;FF;0.1128
CAN 1;In;0x201;357;375.9621;8;01;0D;76;00;09;FF;EE;FF;0.1286
CAN 1;In;0x101;357;375.9784;8;01;0D;84;04;80;FE;D4;40;0.1455
CAN 1;In;0x101;358;376.0581;8;F1;0C;00;05;38;FE;D4;40;0.0797
CAN 1;In;0x201;358;376.0588;8;F1;0C;BA;00;0D;FF;F7;FF;0.0967
CAN 1;In;0x101;359;376.1708;8;F1;0C;FC;04;90;FE;DC;40;0.1127
CAN 1;In;0x201;359;376.1714;8;F1;0C;BC;00;0C;FF;E9;FF;0.1126
CAN 1;In;0x101;360;376.2839;8;01;0D;14;05;94;FE;AC;40;0.1131
CAN 1;In;0x201;360;376.2846;8;01;0D;A7;00;12;FF;F6;FF;0.1132
CAN 1;In;0x101;361;376.3968;8;F0;0C;20;05;B8;FE;C4;40;0.1129
CAN 1;In;0x201;361;376.3975;8;F0;0C;94;00;08;FF;F7;FF;0.1129
CAN 1;In;0x101;362;376.5099;8;00;0D;A8;04;60;FE;D4;40;0.1131
CAN 1;In;0x201;362;376.5103;8;00;0D;92;00;13;FF;F0;FF;0.1128
CAN 1;In;0x101;363;376.6226;8;F0;0C;B8;04;98;FE;0C;41;0.1127
CAN 1;In;0x201;363;376.6236;8;F0;0C;A7;00;22;FF;F1;FF;0.1133
CAN 1;In;0x101;364;376.7357;8;F1;0C;5C;05;7C;FE;5C;40;0.1130
CAN 1;In;0x201;364;376.7364;8;F1;0C;C3;00;13;FF;FF;FF;0.1128
CAN 1;In;0x101;365;376.8487;8;F0;0C;14;05;54;FE;B4;40;0.1130
CAN 1;In;0x201;365;376.8495;8;F0;0C;79;00;16;FF;EB;FF;0.1131
CAN 1;In;0x101;366;376.9616;8;F1;0C;48;05;54;FE;C8;40;0.1130
CAN 1;In;0x201;366;376.9624;8;F1;0C;94;00;15;FF;E7;FF;0.1130
CAN 1;In;0x101;367;377.0747;8;F1;0C;BC;04;68;FE;C8;40;0.1131
CAN 1;In;0x201;367;377.0754;8;F1;0C;A6;00;29;FF;EB;FF;0.1130
CAN 1;In;0x101;368;377.1876;8;01;0D;1C;05;3C;FE;2C;41;0.1128
CAN 1;In;0x201;368;377.1883;8;01;0D;AC;00;15;FF;E6;FF;0.1128
CAN 1;In;0x101;369;377.3007;8;F1;0C;DC;04;64;FE;CC;40;0.1131
CAN 1;In;0x201;369;377.3117;8;F1;0C;AE;00;15;FF;01;00;0.1234
CAN 1;In;0x101;370;377.4057;8;01;0D;68;05;24;FE;04;41;0.1050
CAN 1;In;0x201;370;377.4213;8;01;0D;97;00;18;FF;D9;FF;0.1097
CAN 1;In;0x201;371;377.5180;8;F1;0C;A5;00;17;FF;F1;FF;0.0967
CAN 1;In;0x101;371;377.5337;8;F1;0C;48;05;B0;FE;08;41;0.1281
CAN 1;In;0x101;372;377.6176;8;F1;0C;A0;04;54;FE;24;41;0.0838
CAN 1;In;0x201;372;377.6183;8;F1;0C;B6;00;0A;FF;F2;FF;0.1003
CAN 1;In;0x101;373;377.7307;8;F1;0C;4C;05;88;FE;98;40;0.1131
CAN 1;In;0x201;373;377.7311;8;F1;0C;B3;00;17;FF;05;00;0.1128
CAN 1;In;0x101;374;377.8435;8;01;0D;10;05;34;FE;4C;41;0.1128
CAN 1;In;0x201;374;377.8442;8;01;0D;89;00;17;FF;F6;FF;0.1131
CAN 1;In;0x201;375;377.9684;8;F1;0C;8D;00;1B;FF;F1;FF;0.1242
CAN 1;In;0x101;375;377.9840;8;F1;0C;4C;05;18;FE;54;40;0.1405
CAN 1;In;0x101;376;378.0686;8;F1;0C;50;05;84;FE;50;41;0.0846
CAN 1;In;0x201;376;378.0938;8;F1;0C;AA;00;21;FF;F4;FF;0.1254
CAN 1;In;0x101;377;378.1736;8;F0;0C;50;05;2C;FE;BC;40;0.1051
CAN 1;In;0x201;377;378.1741;8;F0;0C;A9;00;12;FF;EA;FF;0.0803
CAN 1;In;0x101;378;378.2863;8;F0;0C;0C;05;88;FE;64;40;0.1126
CAN 1;In;0x201;378;378.2871;8;F0;0C;B6;00;0E;FF;E5;FF;0.1130
CAN 1;In;0x101;379;378.3995;8;F1;0C;20;05;40;FE;7C;41;0.1132
CAN 1;In;0x201;379;378.4002;8;F1;0C;BD;00;12;FF;07;00;0.1131
CAN 1;In;0x101;380;378.5125;8;F1;0C;54;05;FC;FD;F4;40;0.1130
CAN 1;In;0x201;380;378.5132;8;F1;0C;A3;00;15;FF;E4;FF;0.1130
CAN 1;In;0x101;381;378.6253;8;01;0D;D4;04;40;FE;7C;40;0.1128
CAN 1;In;0x201;381;378.6260;8;01;0D;9A;00;0D;FF;FA;FF;0.1128
CAN 1;In;0x101;382;378.7382;8;00;0D;2C;05;2C;FE;C0;40;0.1130
CAN 1;In;0x201;382;378.7389;8;00;0D;A8;00;14;FF;E7;FF;0.1129
CAN 1;In;0x101;383;378.8512;8;F1;0C;00;05;8C;FE;34;41;0.1130
CAN 1;In;0x201;383;378.8520;8;F1;0C;8E;00;2D;FF;EE;FF;0.1130
CAN 1;In;0x101;384;378.9641;8;F0;0C;54;05;74;FE;9C;40;0.1128
CAN 1;In;0x201;384;378.9648;8;F0;0C;93;00;19;FF;FB;FF;0.1128
CAN 1;In;0x101;385;379.0771;8;F0;0C;E0;04;08;FE;40;41;0.1131
CAN 1;In;0x201;385;379.0779;8;F0;0C;81;00;0C;FF;E8;FF;0.1131
CAN 1;In;0x101;386;379.1904;8;F1;0C;1C;05;34;FE;E4;40;0.1132
CAN 1;In;0x201;386;379.1907;8;F1;0C;A4;00;24;FF;EE;FF;0.1128
CAN 1;In;0x101;387;379.3030;8;F1;0C;C8;04;1C;FE;88;40;0.1127
CAN 1;In;0x201;387;379.3038;8;F1;0C;A8;00;24;FF;EE;FF;0.1131
CAN 1;In;0x101;388;379.4162;8;F0;0C;14;05;68;FE;94;40;0.1132
CAN 1;In;0x201;388;379.4170;8;F0;0C;99;00;2C;FF;E7;FF;0.1132
CAN 1;In;0x101;389;379.5291;8;F0;0C;60;05;40;FE;CC;40;0.1129
CAN 1;In;0x201;389;379.5297;8;F0;0C;9D;00;0F;FF;F0;FF;0.1127
CAN 1;In;0x101;390;379.6422;8;F0;0C;30;05;5C;FE;60;41;0.1131
CAN 1;In;0x201;390;379.6429;8;F0;0C;FA;00;1D;FF;FA;FF;0.1131
CAN 1;In;0x101;391;379.7552;8;F0;0C;D4;04;50;FE;BC;41;0.1130
CAN 1;In;0x201;391;379.7559;8;F0;0C;45;FD;0F;FF;E4;FF;0.1130
CAN 1;In;0x101;392;379.8680;8;00;0D;38;05;80;FE;B0;41;0.1129
CAN 1;In;0x201;392;379.8688;8;00;0D;27;FF;09;FF;EF;FF;0.1129
CAN 1;In;0x201;393;380.0092;8;01;0D;5C;00;1F;FF;DF;FF;0.1405
CAN 1;In;0x101;393;380.0094;8;01;0D;E4;04;60;FE;C4;40;0.1413
CAN 1;In;0x101;394;380.0929;8;F0;0C;D4;04;68;FE;2C;40;0.0835
CAN 1;In;0x201;394;380.0936;8;F0;0C;6E;00;21;FF;F2;FF;0.0843
CAN 1;In;0x101;395;380.2059;8;00;0D;EC;04;A8;FD;B0;40;0.1130
CAN 1;In;0x201;395;380.2066;8;00;0D;D0;00;11;FF;E8;FF;0.1130
CAN 1;In;0x101;396;380.3189;8;00;0D;20;05;8C;FE;80;40;0.1130
CAN 1;In;0x201;396;380.3196;8;00;0D;80;00;1A;FF;F1;FF;0.1129
CAN 1;In;0x101;397;380.4319;8;00;0D;B4;04;64;FE;FC;40;0.1130
CAN 1;In;0x201;397;380.4326;8;00;0D;B5;00;0B;FF;FB;FF;0.1130
CAN 1;In;0x101;398;380.5448;8;F1;0C;40;05;F0;FD;70;40;0.1130
CAN 1;In;0x201;398;380.5457;8;F1;0C;B1;00;14;FF;EF;FF;0.1131
CAN 1;In;0x101;399;380.6581;8;F1;0C;14;05;30;FE;98;40;0.1133
CAN 1;In;0x201;399;380.6588;8;F1;0C;AA;00;0C;FF;EA;FF;0.1131
CAN 1;In;0x101;400;380.7708;8;F0;0C;EC;04;84;FE;10;41;0.1127
CAN 1;In;0x201;400;380.7716;8;F0;0C;B0;00;24;FF;FF;FF;0.1127
CAN 1;In;0x101;401;380.8838;8;F0;0C;B4;04;A0;FE;E4;40;0.1130
CAN 1;In;0x201;401;380.8845;8;F0;0C;C9;00;1A;FF;F0;FF;0.1129
CAN 1;In;0x101;402;380.9968;8;01;0D;24;05;64;FE;B0;40;0.1130
CAN 1;In;0x201;402;380.9976;8;01;0D;8C;00;25;FF;02;00;0.1130
CAN 1;In;0x101;403;381.1097;8;F1;0C;98;04;70;FE;E4;40;0.1128
CAN 1;In;0x201;403;381.1103;8;F1;0C;87;00;06;FF;E9;FF;0.1128
CAN 1;In;0x101;404;381.2226;8;F1;0C;D4;04;F8;FD;CC;40;0.1130
CAN 1;In;0x201;404;381.2234;8;F1;0C;70;00;15;FF;FF;FF;0.1130
CAN 1;In;0x101;405;381.3357;8;F1;0C;00;05;48;FE;EC;40;0.1130
CAN 1;In;0x201;405;381.3365;8;F1;0C;A7;00;06;FF;F7;FF;0.1131
CAN 1;In;0x101;406;381.4488;8;F0;0C;F0;04;10;FE;34;41;0.1132
CAN 1;In;0x201;406;381.4497;8;F0;0C;A9;00;19;FF;03;00;0.1132
CAN 1;In;0x101;407;381.5615;8;00;0D;E0;04;84;FE;10;41;0.1127
CAN 1;In;0x201;407;381.5698;8;00;0D;9B;00;28;FF;E6;FF;0.1202
